{"1":{"money":25.0,"speed":4.0,"time":6.25},"2":{"money":50.0,"speed":8.0,"time":6.25},"3":{"money":100.0,"speed":16.0,"time":6.25},"4":{"money":200.0,"speed":34.0,"time":5.88235294117647},"5":{"money":400.0,"speed":71.0,"time":5.63380281690141},"6":{"money":800.0,"speed":145.0,"time":5.51724137931035},"7":{"money":1600.0,"speed":293.0,"time":5.46075085324232},"8":{"money":3200.0,"speed":590.0,"time":5.42372881355932},"9":{"money":6400.0,"speed":1195.0,"time":5.35564853556485},"10":{"money":12800.0,"speed":2450.0,"time":5.22448979591837},"11":{"money":25600.0,"speed":5050.0,"time":5.06930693069307},"12":{"money":51200.0,"speed":10400.0,"time":4.92307692307692},"13":{"money":102400.0,"speed":21400.0,"time":4.78504672897196},"14":{"money":204800.0,"speed":44000.0,"time":4.65454545454545},"15":{"money":409600.0,"speed":90400.0,"time":4.53097345132743},"16":{"money":819200.0,"speed":185600.0,"time":4.41379310344828},"17":{"money":1638400.0,"speed":380800.0,"time":4.30252100840336},"18":{"money":3276800.0,"speed":780800.0,"time":4.19672131147541},"19":{"money":6553600.0,"speed":1600000.0,"time":4.096},"20":{"money":13107200.0,"speed":3276800.0,"time":4.0},"21":{"money":26214400.0,"speed":6707200.0,"time":3.90839694656489},"22":{"money":52428800.0,"speed":13721600.0,"time":3.82089552238806},"23":{"money":104857600.0,"speed":28057600.0,"time":3.73722627737226},"24":{"money":209715200.0,"speed":57344000.0,"time":3.65714285714286},"25":{"money":419430400.0,"speed":117145600.0,"time":3.58041958041958},"26":{"money":838860800.0,"speed":239206400.0,"time":3.50684931506849},"27":{"money":1677721600.0,"speed":488243200.0,"time":3.43624161073825},"28":{"money":3355443200.0,"speed":996147200.0,"time":3.36842105263158},"29":{"money":6710886400.0,"speed":2031616000.0,"time":3.30322580645161},"30":{"money":13421772800.0,"speed":4141875200.0,"time":3.24050632911392},"31":{"money":26843545600.0,"speed":8441036800.0,"time":3.18012422360248},"32":{"money":53687091200.0,"speed":17196646400.0,"time":3.1219512195122},"33":{"money":107374182400.0,"speed":35022438400.0,"time":3.06586826347305},"34":{"money":214748364800.0,"speed":71303168000.0,"time":3.01176470588235},"35":{"money":429496729600.0,"speed":145122918400.0,"time":2.95953757225433},"36":{"money":858993459200.0,"speed":295279001600.0,"time":2.90909090909091},"37":{"money":1717986918400.0,"speed":600624332800.0,"time":2.86033519553073},"38":{"money":3435973836800.0,"speed":1221381324800.0,"time":2.81318681318681},"39":{"money":6871947673600.0,"speed":2483027968000.0,"time":2.76756756756757}}